en_name,zh_name,unit,qc_code,qc_lower_limit,qc_upper_limit
diagnostic_value,诊断值,,,,
co2_signal_strength,二氧化碳信号强度,,,,
anemometer_diag,风速仪诊断值,,,,
u,u风速,,,,
v,v风速,,,,
w,w风速,,,,
vin_sf_mean,通量塔供电,,,,
VIN_1_1_1,电压,,,,
filename,原始数据文件名称,,,,
date,日期,,,,
time,时间,,,,
DOY,日序,,,,
daytime,昼/夜,,,,
file_records,文件记录数,,,,
used_records,使用记录数,,,,
Tau,动量通量,[kg+1m-1s-2],tau,-5.0,5.0
qc_Tau,动量通量质量标志,,,,
rand_err_Tau,动量通量随机误差,[kg+1m-1s-2],,,
H,显热通量,[W+1m-2],h,-800.0,800.0
qc_H,显热通量质量标志,,,,
rand_err_H,显热通量随机误差,[W+1m-2],,,
LE,潜热通量,[W+1m-2],le,-500.0,1000.0
qc_LE,潜热通量质量标志,,,,
rand_err_LE,潜热通量随机误差,[W+1m-2],,,
co2_flux,CO2通量,[μmol+1s-1m-2],co2_flux,-50.0,50.0
qc_co2_flux,CO2通量质量标志,,,,
rand_err_co2_flux,CO2通量随机误差,[μmol+1s-1m-2],,,
h2o_flux,H2O通量,[mmol+1s-1m-2],h2o_flux,-10.0,25.0
qc_h2o_flux,H2O通量质量标志,,,,
rand_err_h2o_flux,H2O通量随机误差,[mmol+1s-1m-2],,,
ch4_flux,甲烷通量,[μmol+1s-1m-2],ch4_flux,-50.0,50.0
qc_ch4_flux,甲烷通量质量标志,,,,
rand_err_ch4_flux,甲烷通量随机误差,[μmol+1s-1m-2],,,
H_strg,显热通量储存项,[W+1m-2],h_strg,-30.0,30.0
LE_strg,潜热通量储存项,[W+1m-2],le_strg,-30.0,30.0
co2_strg,CO2通量储存项,[μmol+1s-1m-2],co2_strg,-5.0,5.0
h2o_strg,H2O通量储存项,[mmol+1s-1m-2],h2o_strg,-0.5,0.5
ch4_strg,甲烷通量储存项,[μmol+1s-1m-2],ch4_strg,-5.0,5.0
co2_v-adv,CO2垂直移流项,[μmol+1s-1m-2],,,
h2o_v-adv,H2O垂直移流项,[mmol+1s-1m-2],,,
ch4_v-adv,甲烷垂直移流项,[μmol+1s-1m-2],,,
co2_molar_density,CO2气体摩尔密度,[mmol+1m-3],co2_molar_density,10.0,40.0
co2_mole_fraction,CO2气体摩尔比,[μmol+1mol_a-1],co2_mole_fraction,300.0,1000.0
co2_mixing_ratio,CO2气体混合比,[μmol+1mol_d-1],co2_mixing_ratio,300.0,1000.0
co2_time_lag,CO2滞后时间,[s],,,
co2_def_timelag,CO2滞后标志,,,,
h2o_molar_density,H2O气体摩尔密度,[mmol+1m-3],h2o_molar_density,0.0,2000.0
h2o_mole_fraction,H2O气体摩尔比,[mmol+1mol_a-1],h2o_mole_fraction,0.0,50.0
h2o_mixing_ratio,H2O气体混合比,[mmol+1mol_d-1],h2o_mixing_ratio,0.0,50.0
h2o_time_lag,H2O滞后时间,[s],,,
h2o_def_timelag,H2O滞后标志,,,,
ch4_molar_density,CH4气体摩尔密度,[mmol+1m-3],ch4_molar_density,0.0,200.0
ch4_mole_fraction,CH4气体摩尔比,[μmol+1mol_a-1],ch4_mole_fraction,0.0,100.0
ch4_mixing_ratio,CH4气体混合比,[μmol+1mol_d-1],ch4_mixing_ratio,0.0,100.0
ch4_time_lag,CH4滞后时间,[s],,,
ch4_def_timelag,CH4滞后标志,,,,
sonic_temperature,超声温度,[℃],sonic_temperature,-30.0,50.0
air_temperature,空气温度,[℃],air_temperature,-30.0,50.0
air_pressure,气压,[Pa],air_pressure,80000.0,110000.0
air_density,空气密度,[kg+1m-3],air_density,0.9,1.5
air_heat_capacity,空气热容,[J+1kg-1K-1],air_heat_capacity,1000.0,1050.0
air_molar_volume,空气摩尔体积,[m+3mol-1],air_molar_volume,0.015,0.03
ET,蒸散发,[mm+1hour-1],et,-1.0,2.0
water_vapor_density,水汽密度,[kg+1m-3],water_vapor_density,0.0,0.04
e,水汽分压,[Pa],e,0.0,5000.0
es,饱和水汽分压,[Pa],es,0.0,6000.0
specific_humidity,比湿,[kg+1kg-1],specific_humidity,0.0,0.03
RH,相对湿度,[%],rh,0.0,100.0
VPD,饱和水汽压差,[Pa],vpd,0.0,6000.0
Tdew,露点温度,[℃],tdew,-100.0,50.0
u_unrot,未旋转主风向风速,[m+1s-1],u_unrot,-10.0,10.0
v_unrot,未旋转侧风向风速,[m+1s-1],v_unrot,-10.0,10.0
w_unrot,未旋转垂直风速,[m+1s-1],w_unrot,-2.5,2.5
u_rot,旋转后主风向风速,[m+1s-1],,,
v_rot,旋转后侧风向风速,[m+1s-1],,,
w_rot,旋转后垂直风速,[m+1s-1],,,
wind_speed,平均风速,[m+1s-1],wind_speed,0.0,12.0
max_wind_speed,最大瞬时风速,[m+1s-1],max_wind_speed,0.0,30.0
wind_dir,风向,[deg_from_north],wind_dir,0.0,360.0
yaw,偏航角旋转角度,[deg],,,
pitch,俯仰角旋转角度,[deg],,,
roll,翻滚角旋转角度,[deg],,,
u*,摩擦速率,[m+1s-1],u_,0.0,3.0
TKE,湍流动能,[m+2s-2],,,
L,莫宁-奥布霍夫长度,[m],,,
(z-d)/L,莫宁-奥布霍夫稳定性参数,,,,
bowen_ratio,波文比,,,,
T*,标度温度,[K],,,
model,碳足迹模型,,,,
x_peak,通量贡献的峰值的上风向距离,[m],x_peak,0.0,10000.0
x_offset,累积通量贡献<1%的上风向距离,[m],x_offset,0.0,10000.0
x_10%,10%累积通量贡献的上风向距离,[m],x_10_,0.0,10000.0
x_30%,30%累积通量贡献的上风向距离,[m],x_30_,0.0,10000.0
x_50%,50%累积通量贡献的上风向距离,[m],x_50_,0.0,10000.0
x_70%,70%累积通量贡献的上风向距离,[m],x_70_,0.0,10000.0
x_90%,90%累积通量贡献的上风向距离,[m],x_90_,0.0,10000.0
un_Tau,未经修正动量通量,[kg+1m-1s-2],,,
Tau_scf,动量通量频率响应修正系数,,,,
un_H,未经修正显热通量,[W+1m-2],,,
H_scf,显热通量频率响应修正系数,,,,
un_LE,未经修正潜热通量,[W+1m-2],,,
LE_scf,潜热通量频率响应修正系数,,,,
un_co2_flux,未经修正CO2通量,[μmol+1s-1m-2],,,
co2_scf,CO2频率响应修正系数,,,,
un_h2o_flux,未经修正H2O通量,[mmol+1s-1m-2],,,
h2o_scf,H2O频率响应修正系数,,,,
un_ch4_flux,未经修正甲烷通量,[μmol+1s-1m-2],,,
ch4_scf,CH4频率响应修正系数,,,,
spikes_hf,变量异常值测试硬数据标志,,,,
amplitude_resolution_hf,变量振幅分辨率硬数据标志,,,,
drop_out_hf,变量漏失测试硬数据标志,,,,
absolute_limits_hf,变量绝对限制硬数据标志,,,,
skewness_kurtosis_hf,变量偏差和峰值硬数据标志,,,,
skewness_kurtosis_sf,变量歪斜和峰值测试软数据标志,,,,
discontinuities_hf,变量非连续性测试硬数据标志,,,,
discontinuities_sf,变量非连续性测试软数据标志,,,,
timelag_hf,气体浓度滞后测试硬数据标志,,,,
timelag_sf,气体浓度滞后测试软数据标志,,,,
attack_angle_hf,风冲角测试硬数据标识,,,,
non_steady_wind_hf,非平稳定性测试硬数据标志,,,,
u_spikes,主风向异常值数量,,,,
v_spikes,侧风向异常值数量,,,,
w_spikes,垂直风向异常值数量,,,,
ts_spikes,超声温度异常值数量,,,,
co2_spikes,CO2异常值数量,,,,
h2o_spikes,H2O异常值数量,,,,
ch4_spikes,CH4异常值数量,,,,
u_var,主风向方差,[m+2s-2],,,
v_var,侧风向方差,[m+2s-2],,,
w_var,垂直风向方差,[m+2s-2],,,
ts_var,超声温度方差,[K+2],,,
co2_var,CO2方差,,,,
h2o_var,H2O方差,,,,
ch4_var,甲烷方差,,,,
w/ts_cov,垂直风速与超声温度协方差,[m+1s-1K+1],,,
w/co2_cov,垂直风速与CO2协方差,,,,
w/h2o_cov,垂直风速与H2O协方差,,,,
w/ch4_cov,垂直风速与甲烷协方差,,,,
co2_mean,CO2气体摩尔比均值,[μmol+1mol_a-1],co2_mean,300.0,1000.0
h2o_mean,H2O气体摩尔比均值,[mmol+1mol_a-1],h2o_mean,0.0,50.0
dew_point_mean,平均露点温度,[C],dew_point_mean,-100.0,50.0
co2_signal_strength_7500_mean,CO2信号值,,co2_signal_strength_7500_mean,0.0,150.0
ALB_1_1_1,反照率,[%],alb_1_1_1,0.0,100.0
LWIN_1_1_1,入射长波辐射,[W/m^2],lwin_1_1_1,0.0,700.0
LWOUT_1_1_1,反射长波辐射,[W/m^2],lwout_1_1_1,0.0,700.0
PPFD_1_1_1,入射光合有效辐射,[μmol/m^2/s],ppfd_1_1_1,-5.0,2500.0
PTemp_1_1_1,数采温度,[℃],ptemp_1_1_1,-30.0,50.0
P_RAIN_1_1_1,下层降水量,[m],p_rain_1_1_1,0.0,0.1
P_RAIN_1_2_1,上层降水量,[m],p_rain_1_2_1,0.0,0.1
RH_1_1_1,下层空气相对湿度,[%],rh_1_1_1,0.0,100.0
RH_1_2_1,上层空气相对湿度,[%],rh_1_2_1,0.0,100.0
RN_1_1_1,净辐射,[W/m^2],rn_1_1_1,-300.0,1200.0
RG_1_1_2,总辐射,[W/m^2],rg_1_1_2,-5.0,1250.0
Rlnet_1_1_1,长波净辐射,[W/M^2],rlnet_1_1_1,-200.0,100.0
Rsnet_1_1_1,短波净辐射,[W/M^2],rsnet_1_1_1,-50.0,1200.0
R_uva_1_1_1,紫外辐射,[W/m^2],r_uva_1_1_1,-5.0,100.0
SWC_1_1_1,土壤含水量1,[m^3/m^3],swc_1_1_1,0.0,1.0
SWC_1_2_1,土壤含水量2,[m^3/m^3],swc_1_2_1,0.0,1.0
SWC_1_3_1,土壤含水量3,[m^3/m^3],swc_1_3_1,0.0,1.0
SWC_1_4_1,土壤含水量4,[m^3/m^3],swc_1_4_1,0.0,1.0
SWC_1_5_1,土壤含水量5,[m^3/m^3],swc_1_5_1,0.0,1.0
SWDIF_1_1_1,散射辐射,[W/m^2],swdif_1_1_1,-5.0,1000.0
SWIN_1_1_1,向下短波辐射,[W/m^2],swin_1_1_1,-5.0,1200.0
SWOUT_1_1_1,向上短波辐射,[W/m^2],swout_1_1_1,-5.0,300.0
Suntime_1_1_1,日照,[OTHER],,,
TRN_1_1_1,净辐射表本体温度,[℃],trn_1_1_1,-30.0,50.0
TS_1_1_1,土壤温度1,[℃],ts_1_1_1,-15.0,30.0
TS_1_2_1,土壤温度2,[℃],ts_1_2_1,-15.0,30.0
TS_1_3_1,土壤温度3,[℃],ts_1_3_1,-15.0,30.0
TS_1_4_1,土壤温度4,[℃],ts_1_4_1,-15.0,30.0
TS_1_5_1,土壤温度5,[℃],ts_1_5_1,-15.0,30.0
TA_1_1_1,下层空气温度,[℃],ta_1_1_1,-30.0,50.0
TA_1_2_1,上层空气温度,[℃],ta_1_2_1,-30.0,50.0
TC_1_1_1,介电常数1,[K],,,
TC_1_2_1,介电常数2,[K],,,
TC_1_3_1,介电常数3,[K],,,
TC_1_4_1,介电常数4,[K],,,
TC_1_5_1,介电常数5,[K],,,
VIN_1_1_1,电压,[V],vin_1_1_1,0.0,20.0
WD_1_1_1,下层风向,[Degrees_past_North],wd_1_1_1,0.0,360.0
WD_1_2_1,上层风向,[Degrees_past_North],wd_1_2_1,0.0,360.0
WS_1_1_1,下层风速,[m/s],ws_1_1_1,0.0,12.0
WS_1_2_1,上层风速,[m/s],ws_1_2_1,0.0,12.0
SO2,SO2浓度,μg/m3,so2,0.0,2500.0
NO,NO浓度,μg/m3,no,0.0,100.0
NOx,NOX浓度,μg/m3,nox,0.0,250.0
NO2,NO2浓度,μg/m3,no2,0.0,250.0
CO,CO浓度,mg/m3,co,0.0,10.0
O3,O3浓度,μg/m3,o3,0.0,1000.0
PM10,PM10浓度,μg/m3,pm10,0.0,1000.0
PM2.5,PM2.5浓度,μg/m3,pm2_5,0.0,1000.0
Nai,负氧离子个数,[个/cm3],nai,0.0,12000.0
TC_dTCa,第n通道TC温差均值,[℃],,,
TC_dTM,每天第n通道TC温差最大值,[℃],,,
TC_Vel,第n通道茎流速率,[cm/hr],,,
TC_Flow,第n通道茎流流量,[g/hr],,,
TC_Status,第n通道茎流状态,,,,
HtrV_Avg,加热电压,[V],,,
Batt_Volt_Min,电池电量最小值,[V],,,
PTemp_C_Max,数采表面温度最大值,[℃],,,
TC_dTCa(1),第1通道TC温差均值,[℃],,,
TC_dTCa(2),第2通道TC温差均值,[℃],,,
TC_dTCa(3),第3通道TC温差均值,[℃],,,
TC_dTCa(4),第4通道TC温差均值,[℃],,,
TC_dTCa(5),第5通道TC温差均值,[℃],,,
TC_dTCa(6),第6通道TC温差均值,[℃],,,
TC_dTCa(7),第7通道TC温差均值,[℃],,,
TC_dTCa(8),第8通道TC温差均值,[℃],,,
TC_dTCa(9),第9通道TC温差均值,[℃],,,
TC_dTCa(10),第10通道TC温差均值,[℃],,,
TC_dTCa(11),第11通道TC温差均值,[℃],,,
TC_dTCa(12),第12通道TC温差均值,[℃],,,
TC_dTCa(13),第13通道TC温差均值,[℃],,,
TC_dTCa(14),第14通道TC温差均值,[℃],,,
TC_dTCa(15),第15通道TC温差均值,[℃],,,
TC_dTCa(16),第16通道TC温差均值,[℃],,,
TC_dTCa(17),第17通道TC温差均值,[℃],,,
TC_dTCa(18),第18通道TC温差均值,[℃],,,
TC_dTCa(19),第19通道TC温差均值,[℃],,,
TC_dTCa(20),第20通道TC温差均值,[℃],,,
TC_dTM(1),每天第1通道TC温差最大值,[℃],,,
TC_dTM(2),每天第2通道TC温差最大值,[℃],,,
TC_dTM(3),每天第3通道TC温差最大值,[℃],,,
TC_dTM(4),每天第4通道TC温差最大值,[℃],,,
TC_dTM(5),每天第5通道TC温差最大值,[℃],,,
TC_dTM(6),每天第6通道TC温差最大值,[℃],,,
TC_dTM(7),每天第7通道TC温差最大值,[℃],,,
TC_dTM(8),每天第8通道TC温差最大值,[℃],,,
TC_dTM(9),每天第9通道TC温差最大值,[℃],,,
TC_dTM(10),每天第10通道TC温差最大值,[℃],,,
TC_dTM(11),每天第11通道TC温差最大值,[℃],,,
TC_dTM(12),每天第12通道TC温差最大值,[℃],,,
TC_dTM(13),每天第13通道TC温差最大值,[℃],,,
TC_dTM(14),每天第14通道TC温差最大值,[℃],,,
TC_dTM(15),每天第15通道TC温差最大值,[℃],,,
TC_dTM(16),每天第16通道TC温差最大值,[℃],,,
TC_dTM(17),每天第17通道TC温差最大值,[℃],,,
TC_dTM(18),每天第18通道TC温差最大值,[℃],,,
TC_dTM(19),每天第19通道TC温差最大值,[℃],,,
TC_dTM(20),每天第20通道TC温差最大值,[℃],,,
TC_Vel(1),第1通道茎流速率,[cm/hr],tc_vel_1_,0.0,25.0
TC_Vel(2),第2通道茎流速率,[cm/hr],tc_vel_2_,0.0,25.0
TC_Vel(3),第3通道茎流速率,[cm/hr],tc_vel_3_,0.0,25.0
TC_Vel(4),第4通道茎流速率,[cm/hr],tc_vel_4_,0.0,25.0
TC_Vel(5),第5通道茎流速率,[cm/hr],tc_vel_5_,0.0,25.0
TC_Vel(6),第6通道茎流速率,[cm/hr],tc_vel_6_,0.0,25.0
TC_Vel(7),第7通道茎流速率,[cm/hr],tc_vel_7_,0.0,25.0
TC_Vel(8),第8通道茎流速率,[cm/hr],tc_vel_8_,0.0,25.0
TC_Vel(9),第9通道茎流速率,[cm/hr],tc_vel_9_,0.0,25.0
TC_Vel(10),第10通道茎流速率,[cm/hr],tc_vel_10_,0.0,25.0
TC_Vel(11),第11通道茎流速率,[cm/hr],tc_vel_11_,0.0,25.0
TC_Vel(12),第12通道茎流速率,[cm/hr],tc_vel_12_,0.0,25.0
TC_Vel(13),第13通道茎流速率,[cm/hr],tc_vel_13_,0.0,25.0
TC_Vel(14),第14通道茎流速率,[cm/hr],tc_vel_14_,0.0,25.0
TC_Vel(15),第15通道茎流速率,[cm/hr],tc_vel_15_,0.0,25.0
TC_Vel(16),第16通道茎流速率,[cm/hr],tc_vel_16_,0.0,25.0
TC_Vel(17),第17通道茎流速率,[cm/hr],tc_vel_17_,0.0,25.0
TC_Vel(18),第18通道茎流速率,[cm/hr],tc_vel_18_,0.0,25.0
TC_Vel(19),第19通道茎流速率,[cm/hr],tc_vel_19_,0.0,25.0
TC_Vel(20),第20通道茎流速率,[cm/hr],tc_vel_20_,0.0,25.0
TC_Flow(1),第1通道茎流流量,[g/hr],,,
TC_Flow(2),第2通道茎流流量,[g/hr],,,
TC_Flow(3),第3通道茎流流量,[g/hr],,,
TC_Flow(4),第4通道茎流流量,[g/hr],,,
TC_Flow(5),第5通道茎流流量,[g/hr],,,
TC_Flow(6),第6通道茎流流量,[g/hr],,,
TC_Flow(7),第7通道茎流流量,[g/hr],,,
TC_Flow(8),第8通道茎流流量,[g/hr],,,
TC_Flow(9),第9通道茎流流量,[g/hr],,,
TC_Flow(10),第10通道茎流流量,[g/hr],,,
TC_Flow(11),第11通道茎流流量,[g/hr],,,
TC_Flow(12),第12通道茎流流量,[g/hr],,,
TC_Flow(13),第13通道茎流流量,[g/hr],,,
TC_Flow(14),第14通道茎流流量,[g/hr],,,
TC_Flow(15),第15通道茎流流量,[g/hr],,,
TC_Flow(16),第16通道茎流流量,[g/hr],,,
TC_Flow(17),第17通道茎流流量,[g/hr],,,
TC_Flow(18),第18通道茎流流量,[g/hr],,,
TC_Flow(19),第19通道茎流流量,[g/hr],,,
TC_Flow(20),第20通道茎流流量,[g/hr],,,
TC_Status(1),第1通道茎流状态,,,,
TC_Status(2),第2通道茎流状态,,,,
TC_Status(3),第3通道茎流状态,,,,
TC_Status(4),第4通道茎流状态,,,,
TC_Status(5),第5通道茎流状态,,,,
TC_Status(6),第6通道茎流状态,,,,
TC_Status(7),第7通道茎流状态,,,,
TC_Status(8),第8通道茎流状态,,,,
TC_Status(9),第9通道茎流状态,,,,
TC_Status(10),第10通道茎流状态,,,,
TC_Status(11),第11通道茎流状态,,,,
TC_Status(12),第12通道茎流状态,,,,
TC_Status(13),第13通道茎流状态,,,,
TC_Status(14),第14通道茎流状态,,,,
TC_Status(15),第15通道茎流状态,,,,
TC_Status(16),第16通道茎流状态,,,,
TC_Status(17),第17通道茎流状态,,,,
TC_Status(18),第18通道茎流状态,,,,
TC_Status(19),第19通道茎流状态,,,,
TC_Status(20),第20通道茎流状态,,,,
HtrV_Avg(1),加热电压,[V],,,
HtrV_Avg(2),加热电压,[V],,,
HtrV_Avg(3),加热电压,[V],,,
HtrV_Avg(4),加热电压,[V],,,
HtrV_Avg(5),加热电压,[V],,,
HtrV_Avg(6),加热电压,[V],,,
HtrV_Avg(7),加热电压,[V],,,
HtrV_Avg(8),加热电压,[V],,,
HtrV_Avg(9),加热电压,[V],,,
HtrV_Avg(10),加热电压,[V],,,
none_mixing_ratio,未命名,,none_mixing_ratio,,
pll_LI-7200,未命名,,pll_li_7200,,
t_in_LI-7200,未命名,,t_in_li_7200,,
none_strg,未命名,,none_strg,,
bad_aux_tc1_LI-7700,未命名,,bad_aux_tc1_li_7700,,
not_ready_LI-7700,LI-7700未完成启动诊断值,,not_ready_li_7700,,
bad_aux_tc3_LI-7700,未命名,,bad_aux_tc3_li_7700,,
bad_temp_LI-7700,LI-7700温度异常诊断值,,bad_temp_li_7700,,
detector_LI-7200,LI-7200检测器诊断值,,detector_li_7200,,
PPFD_1_1_2,向上光合有效辐射,[μmol/m^2/s],ppfd_1_1_2,-5.0,500.0
bad_aux_tc2_LI-7700,未命名,,bad_aux_tc2_li_7700,,
w/none_cov,未命名,,w_none_cov,,
qc_none_flux,未命名,,qc_none_flux,,
t_out_LI-7200,LI-7200测量室出口温度,,t_out_li_7200,,
none_mole_fraction,未命名,,none_mole_fraction,,
none_v-adv,未命名,,none_v_adv,,
top_heater_on_LI-7700,LI-7700顶部加热器开关诊断值,,top_heater_on_li_7700,,
box_connected_LI-7700,未命名,,box_connected_li_7700,,
mean_value_LI-7500,未命名,,mean_value_li_7500,,
mean_value_RSSI_LI-7200,未命名,,mean_value_rssi_li_7200,,
vin_sf_mean,Smartflux测量得到的电池电压,,vin_sf_mean,,
laser_temp_unregulated_LI-7700,LI-7700未调制激光温度诊断值,,laser_temp_unregulated_li_7700,,
none_def_timelag,未命名,,none_def_timelag,,
none_time_lag,未命名,,none_time_lag,,
bottom_heater_on_LI-7700,LI-7700底部加热器开关诊断值,,bottom_heater_on_li_7700,,
aux_in_LI-7200,LI-7200辅助输入变量,,aux_in_li_7200,,
sync_LI-7500,LI-7500同步报错异常值数量,,sync_li_7500,,
motor_spinning_LI-7700,LI-7700甲烷分析仪电机转速,,motor_spinning_li_7700,,
delta_p_LI-7200,LI-7200测量室内外压差,,delta_p_li_7200,,
none_molar_density,未命名,,none_molar_density,,
un_none_flux,未命名,,un_none_flux,,
motor_failure_LI-7700,LI-7700电机失效诊断值,,motor_failure_li_7700,,
head_detect_LI-7200,LI-7200测量室诊断值,,head_detect_li_7200,,
chopper_LI-7500,LI-7500斩光轮报错异常值数量,,chopper_li_7500,,
block_temp_unregulated_LI-7700,未命名,,block_temp_unregulated_li_7700,,
re_unlocked_LI-7700,LI-7700参比室通道未锁定诊断值,,re_unlocked_li_7700,,
no_signal_LI-7700,LI-7700无信号诊断值,,no_signal_li_7700,,
calibrating_LI-7700,LI-7700标定状态诊断值,,calibrating_li_7700,,
none_flux,未命名,,none_flux,,
chopper_LI-7200,LI-7200斩波器诊断值,,chopper_li_7200,,
pll_LI-7500,PLL报错异常值数量,,pll_li_7500,,
rand_err_none_flux,未命名,,rand_err_none_flux,,
pump_on_LI-7700,LI-7700泵开关诊断值,,pump_on_li_7700,,
sync_LI-7200,LI-7200同步性诊断值,,sync_li_7200,,
none_spikes,未命名,,none_spikes,,
none_var,未命名,,none_var,,
un_none_scf,未命名,,un_none_scf,,
detector_LI-7500,LI-7500检测器报错异常值数量,,detector_li_7500,,
LWOTRaw_1_1_1,反射长波辐射,,lwotraw_1_1_1,,
TBOLE_1_1_1,CNR4表体温度,,tbole_1_1_1,,
LWINRaw_1_1_1,入射长波辐射,,lwinraw_1_1_1,,
ch4_aux-2_mean,未命名,,ch4_aux_2_mean,,
ch4_aux-3_mean,未命名,,ch4_aux_3_mean,,
air_t_mean,未命名,,air_t_mean,,
ch4_tc_1_mean,未命名,,ch4_tc_1_mean,,
air_p_mean,未命名,,air_p_mean,,
ch4_tc_2_mean,未命名,,ch4_tc_2_mean,,
rssi_77_mean,未命名,,rssi_77_mean,,
ch4_mean,CH4气体摩尔比均值,,ch4_mean,,
ch4_aux-1_mean,未命名,,ch4_aux_1_mean,,
ch4_tc_3_mean,未命名,,ch4_tc_3_mean,,
ch4_aux-4_mean,未命名,,ch4_aux_4_mean,,
WL_1_1_1,未命名,,wl_1_1_1,,
SHF_1_1_1,未命名,,shf_1_1_1,,
SHF_3_1_1,未命名,,shf_3_1_1,,
SHFSens3_0_0_1,未命名,,shfsens3_0_0_1,,
PPFD_1_2_1,未命名,,ppfd_1_2_1,,
SHF_2_1_1,未命名,,shf_2_1_1,,
WS_2_1_1,未命名,,ws_2_1_1,0.0,12.0
SHFSens1_0_0_1,未命名,,shfsens1_0_0_1,,
LOGGERTEMP_1_1_1,未命名,,loggertemp_1_1_1,,
SHFSens2_0_0_1,未命名,,shfsens2_0_0_1,,
water_temperature,水温,[℃],water_temperature,,
electrical_conductivity,电导率,[us/cm],electrical_conductivity,,
ph,PH值,,ph,,
ammonia_nitrogen,氨氮,[mg/L],ammonia_nitrogen,,
dissolved_oxygen,溶解氧,[mg/L],dissolved_oxygen,,
total_dissolved_solids,总溶解固体,[mg/L],total_dissolved_solids,,
blue_green_algae,蓝绿藻,[cells/L],blue_green_algae,,
chlorophyl,叶绿素,[mg/L],chlorophyl,,
turbidity,浊度,[NTU],turbidity,,
SWC_3_1_1,未命名,,swc_3_1_1,,
TS_3_1_1,未命名,,ts_3_1_1,,
TS_2_1_1,未命名,,ts_2_1_1,,
SWC_2_1_1,未命名,,swc_2_1_1,,
PanLevel_1_1_1,未命名,,panlevel_1_1_1,,
SysPwr,电压,[V],syspwr,,
TA,空气温度,[Deg_C],ta,,
RH,相对湿度,[%],rh,,
PAR,光合有效辐射,[umol/m2.s],par,,
RA,太阳辐射,[W/m2],ra,,
PRESS,气压,[hPa],press,,
WD,风向,[Deg],wd,,
TS,土壤温度,[Deg_C],ts,,
MS,土壤水分,[%],ms,,
EC,电导率,[%],ec,,
WS,风速,[m/s],ws,,
RAIN,降水,[m/s],rain,,
SHF_1_1_4,未命名,,,,
Vapor_1_1_1,未命名,,,,
Vapor_1_2_1,未命名,,,,
PA_1_1_1,未命名,,,,
P_1_1_1,未命名,,,,
SHF_1_1_2,未命名,,,,
SHF_1_1_5,未命名,,,,
SHF_1_1_3,未命名,,,,
TPanel_1_1_1,未命名,,,,
PA_1_2_1,未命名,,,,
TCNR4_1_1_1,未命名,,,,
P_1_2_1,未命名,,,,
EC_1_1_1,未命名,,,,
EC_1_3_1,未命名,,,,
EC_1_5_1,未命名,,,,
EC_1_4_1,未命名,,,,
EC_1_2_1,未命名,,,,
h2o_lag_avg,未命名,,,,
ts_1_1_2,土壤温度2,,,,
uy_lag_avg,未命名,,,,
wind_vector_mag,未命名,,,,
valvetmprok_avg,未命名,,,,
pump_heat_avg,未命名,,,,
rho_a_mean,未命名,,,,
h2o_uy_cov,未命名,,,,
co2_ux_cov,未命名,,,,
e_10m_avg,未命名,,,,
long_up_avg,未命名,,,,
uz_lag_avg,未命名,,,,
long_dn_avg,未命名,,,,
ta_1_3_1,第三层空气温度,,,,
ws_2m_avg,下层风速（2m高度）,,,,
valve_tmpr_avg,未命名,,,,
co2_signal_avg,未命名,,,,
ux_stdev,未命名,,,,
t_109_1_avg,土壤温度1,,,,
ts_stdev,未命名,,,,
ws_24m_avg,上层风速（24m高度）,,,,
uy_avg,未命名,,,,
hs,未命名,,,,
e_2m_avg,未命名,,,,
pump_control_avg,未命名,,,,
stdev_wind_dir,未命名,,,,
ux_avg,未命名,,,,
tc_mean,未命名,,,,
ux_uy_cov,未命名,,,,
buff_depth_max,未命名,,,,
co2_stdev,未命名,,,,
vwc_3_avg,土壤含水量3,,,,
co2_uz_cov,未命名,,,,
h2o_stdev,未命名,,,,
tc_uz_cov,未命名,,,,
uy_uz_cov,未命名,,,,
rh_2m_avg,空气相对湿度（2m高度）,,,,
short_dn_avg,向上短波辐射,,,,
vwc_1_avg,土壤含水量1,,,,
h2o_uz_cov,未命名,,,,
ts_uz_cov,未命名,,,,
t_109_4_avg,土壤温度4,,,,
ts_avg,未命名,,,,
cell_tmpr_avg,未命名,,,,
pump_fan_avg,未命名,,,,
ta_24m_avg,空气温度（24m高度）,,,,
uy_stdev,未命名,,,,
pump_on_avg,未命名,,,,
rh_1_3_1,第三层空气相对湿度,,,,
soilg_1_avg,土壤热通量1,,,,
albedo_avg,反照率,,,,
soilg_3_avg,土壤热通量3,,,,
soilg_2_avg,土壤热通量2,,soilg_2_avg,-300.0,1000.0
fc,未命名,,,,
rain_mm_tot,降水量1,,,,
ux_uz_cov,未命名,,,,
co2_avg,未命名,,,,
ts_lag_avg,未命名,,,,
co2_uy_cov,未命名,,,,
valve_heat_avg,未命名,,,,
long_dn_corr_avg,向上长波辐射,,,,
ux_lag_avg,未命名,,,,
valve_fan_avg,未命名,,,,
battvolt_avg,未命名,,,,
tc_uy_cov,未命名,,,,
rh_24m_avg,空气相对湿度（24m高度）,,,,
pump_press_avg,未命名,,,,
pump_tmpr_avg,未命名,,,,
rn_avg,净辐射,,,,
cell_press_avg,未命名,,,,
sonic_samples,未命名,,,,
ts_1_1_3,土壤温度3,,,,
wind_dir_compass,风向,,,,
tc_stdev,未命名,,,,
uz_avg,未命名,,,,
ts_uy_cov,未命名,,,,
pump_flow_avg,未命名,,,,
soilg_4_avg,土壤热通量4,,,,
ptemp_avg,未命名,,,,
h2o_signal_avg,未命名,,,,
u_star,未命名,,,,
cnr4_t_c_avg,未命名,,,,
td_cell_mean,未命名,,,,
ts_1_1_4,土壤温度4,,,,
irga_samples,未命名,,,,
co2_lag_avg,未命名,,,,
process_time_avg,未命名,,,,
panel_tmpr_avg,未命名,,,,
flux_samples,未命名,,,,
ts_ux_cov,未命名,,,,
h2o_ux_cov,未命名,,,,
wd_avg,上层风向（12m高度）,,,,
diag_cpec_avg,未命名,,,,
wind_dir_sonic,未命名,,,,
ta_10m_avg,空气温度（10m高度）,,,,
diag_irga_avg,未命名,,,,
uz_stdev,未命名,,,,
pump_ok_samples,未命名,,,,
pump_flow_lag_avg,未命名,,,,
h2o_avg,未命名,,,,
e_24m_avg,未命名,,,,
cnr4_t_k_avg,未命名,,,,
vwc_4_avg,土壤含水量4,,,,
long_up_corr_avg,向下长波辐射,,,,
short_up_avg,向下短波辐射,,,,
rh_10m_avg,空气相对湿度（10m高度）,,,,
rs_net_avg,短波净辐射,,,,
vwc_2_avg,土壤含水量2,,,,
diag_sonic_avg,未命名,,,,
fast_samples,未命名,,,,
batt_volt_avg,未命名,,,,
cell_press_lag_avg,未命名,,,,
par_dn_avg,反射光合有效辐射,,,,
swc_1_1_4,土壤含水量4,,,,
t_109_3_avg,土壤温度3,,,,
amb_press_mean,未命名,,,,
diff_press_lag_avg,未命名,,,,
rl_net_avg,长波净辐射,,,,
cell_tmpr_lag_avg,气室内温度,,,,
t_109_2_avg,土壤温度2,,,,
swc_1_1_2,土壤含水量2,,,,
diff_press_avg,未命名,,,,
source_tmpr_avg,未命名,,,,
swc_1_1_3,土壤含水量3,,,,
ta_2m_avg,空气温度（2m高度）,,,,
slow_samples,未命名,,,,
battvoltok_avg,未命名,,,,
p_avg,气压,,,,
tc_ux_cov,未命名,,,,
par_up_avg,入射光合有效辐射,,,,
hc,未命名,,,,
td_ambient_mean,未命名,,,,
pumptmprok_avg,未命名,,,,
ta_12m_avg,空气温度（12m高度）,,,,
wd_sd2,未命名,,,,
t_109_d_avg,土壤温度5,,,,
ta_5m_avg,空气温度（5m高度）,,,,
rh_1_4_1,第四层空气相对湿度,,,,
ta_1_5_1,第五层空气温度,,,,
rain_b_tot,降水量2,,,,
swc_1_1_5,土壤含水量5,,,,
rh_12m_avg,空气相对湿度（12m高度）,,,,
soilg_c_avg,土壤热通量3,,,,
wd_std12,未命名,,,,
rh_1_5m_avg,空气相对湿度（1.5m高度）,,,,
wd_sd12,未命名,,,,
t_109_c_avg,土壤温度4,,,,
ts_1_1_5,土壤温度5,,,,
e_1_5m_avg,未命名,,,,
e_8m_avg,未命名,,,,
wd_2m_avg,下层风向（2m高度）,,,,
wd_12m_avg,上层风向（12m高度）,,,,
par_down_avg,反射光合有效辐射,,,,
soilg_b_avg,土壤热通量2,,,,
vwc_c_avg,土壤含水量3,,,,
t_109_a_avg,土壤温度1,,,,
deg_c_avg,未命名,,,,
ta_1_5m_avg,空气温度（1.5m高度）,,,,
irct_1_5m_avg,未命名,,,,
e_5m_avg,未命名,,,,
e_12m_avg,未命名,,,,
rh_1_5_1,第五层空气相对湿度,,,,
rh_5m_avg,空气相对湿度（5m高度）,,,,
ws_12m,未命名,,,,
t_109_b_avg,土壤温度3,,,,
vwc_d_avg,土壤含水量4,,,,
ta_1_4_1,第四层空气温度,,,,
ws_12m_avg,上层风速（12m高度）,,,,
p_rain_1_1_2,未命名,,,,
wd_std2,未命名,,,,
ta_8m_avg,空气温度（8m高度）,,,,
vwc_e_avg,土壤含水量5,,,,
ws_2m,未命名,,,,
soilg_a_avg,土壤热通量1,,,,
vwc_b_avg,土壤含水量2,,,,
rh_8m_avg,空气相对湿度（8m高度）,,,,
t_109_e_avg,土壤温度2,,,,
irct_12m_avg,未命名,,,,
rain_a_tot,降水量1,,,,
vwc_a_avg,土壤含水量1,,,,
soilg_d_avg,土壤热通量4,,,,
_0_0_1,未命名,,,,
TC_dTCa(1),第1通道TC温差均值,[℃],tc_dtca_1_,3.0,12.0
TC_dTCa(2),第2通道TC温差均值,[℃],tc_dtca_2_,3.0,12.0
TC_dTCa(3),第3通道TC温差均值,[℃],tc_dtca_3_,3.0,12.0
TC_dTCa(4),第4通道TC温差均值,[℃],tc_dtca_4_,3.0,12.0
TC_dTCa(5),第5通道TC温差均值,[℃],tc_dtca_5_,3.0,12.0
TC_dTCa(6),第6通道TC温差均值,[℃],tc_dtca_6_,3.0,12.0
TC_dTCa(7),第7通道TC温差均值,[℃],tc_dtca_7_,3.0,12.0
TC_dTCa(8),第8通道TC温差均值,[℃],tc_dtca_8_,3.0,12.0
TC_dTCa(9),第9通道TC温差均值,[℃],tc_dtca_9_,3.0,12.0
TC_dTCa(10),第10通道TC温差均值,[℃],tc_dtca_10_,3.0,12.0
TC_dTCa(11),第11通道TC温差均值,[℃],tc_dtca_11_,3.0,12.0
TC_dTCa(12),第12通道TC温差均值,[℃],tc_dtca_12_,3.0,12.0
TC_dTCa(13),第13通道TC温差均值,[℃],tc_dtca_13_,3.0,12.0
TC_dTCa(14),第14通道TC温差均值,[℃],tc_dtca_14_,3.0,12.0
TC_dTCa(15),第15通道TC温差均值,[℃],tc_dtca_15_,3.0,12.0
TC_dTCa(16),第16通道TC温差均值,[℃],tc_dtca_16_,3.0,12.0
TC_dTCa(17),第17通道TC温差均值,[℃],tc_dtca_17_,3.0,12.0
TC_dTCa(18),第18通道TC温差均值,[℃],tc_dtca_18_,3.0,12.0
TC_dTCa(19),第19通道TC温差均值,[℃],tc_dtca_19_,3.0,12.0
TC_dTCa(20),第20通道TC温差均值,[℃],tc_dtca_20_,3.0,12.0
TSP,总悬浮颗粒物,ug/m^3,,,
TSP,TSP浓度,μg/m3,tsp,0.0,1000.0
